Predictor variable,Categorical,Sample average
bio01,false,199.825311942959
bio04,false,5871.09046345811
bio06,false,51.36631016042781
bio07,false,279.5681818181818
bio11,false,120.99286987522282
