Predictor variable,Categorical,Sample average
bio01,false,199.7326203208556
bio04,false,5883.1729055258465
bio06,false,51.1831550802139
bio07,false,279.75445632798574
bio11,false,120.7192513368984
