Predictor variable,Categorical,Sample average
bio01,false,199.9777183600713
bio04,false,5861.237967914439
bio06,false,51.86140819964349
bio07,false,278.8070409982175
bio11,false,121.27139037433155
