Predictor variable,Categorical,Sample average
bio01,false,200.1114081996435
bio04,false,5846.624777183601
bio06,false,52.18761140819964
bio07,false,278.3070409982175
bio11,false,121.59269162210339
