Predictor variable,Categorical,Sample average
bio01,false,199.9157754010695
bio04,false,5866.668894830659
bio06,false,51.63057040998218
bio07,false,279.13413547237076
bio11,false,121.13146167557932
