Predictor variable,Categorical,Sample average
bio01,false,199.95276292335114
bio04,false,5865.748217468806
bio06,false,51.64260249554367
bio07,false,279.2486631016043
bio11,false,121.18315508021391
