Predictor variable,Categorical,Sample average
bio01,false,200.00401069518716
bio04,false,5857.285650623886
bio06,false,52.040998217468804
bio07,false,278.5035650623886
bio11,false,121.34893048128342
