Predictor variable,Categorical,Sample average
bio01,false,199.9024064171123
bio04,false,5868.322192513369
bio06,false,51.5668449197861
bio07,false,279.27985739750443
bio11,false,121.08333333333333
