Predictor variable,Categorical,Sample average
bio01,false,200.00445632798574
bio04,false,5860.479500891265
bio06,false,51.893048128342244
bio07,false,278.72058823529414
bio11,false,121.31060606060606
