Predictor variable,Categorical,Sample average
bio01,false,199.91532976827094
bio04,false,5866.089126559715
bio06,false,51.65864527629233
bio07,false,279.0467914438503
bio11,false,121.15151515151516
