Predictor variable,Categorical,Sample average
bio01,false,199.66622103386808
bio04,false,5885.604723707665
bio06,false,51.15329768270945
bio07,false,279.6764705882353
bio11,false,120.63680926916221
