Predictor variable,Categorical,Sample average
bio01,false,199.97192513368984
bio04,false,5855.906417112299
bio06,false,51.83778966131907
bio07,false,278.7553475935829
bio11,false,121.33333333333333
