Predictor variable,Categorical,Sample average
bio01,false,199.80971479500892
bio04,false,5867.198752228164
bio06,false,51.51069518716577
bio07,false,279.2152406417112
bio11,false,121.02094474153297
