Predictor variable,Categorical,Sample average
bio01,false,199.90106951871658
bio04,false,5871.586898395722
bio06,false,51.59046345811052
bio07,false,279.19964349376113
bio11,false,121.04188948306596
