Predictor variable,Categorical,Sample average
bio01,false,200.03698752228163
bio04,false,5854.812834224599
bio06,false,51.86764705882353
bio07,false,278.93716577540107
bio11,false,121.38591800356507
