Predictor variable,Categorical,Sample average
alt,false,30.928571428571427
bio01,false,199.875
bio03,false,45.0
bio04,false,5603.071428571428
bio05,false,327.375
bio06,false,53.125
bio07,false,274.25
bio08,false,266.73214285714283
bio09,false,161.57142857142858
bio10,false,267.5357142857143
bio11,false,124.71428571428571
bio13,false,186.33928571428572
bio15,false,35.67857142857143
bio16,false,516.4642857142857
bio18,false,509.4107142857143
