Predictor variable,Categorical,Sample average
alt,false,29.5
bio01,false,201.16071428571428
bio03,false,45.19642857142857
bio04,false,5526.035714285715
bio05,false,327.6607142857143
bio06,false,55.392857142857146
bio07,false,272.26785714285717
bio08,false,267.10714285714283
bio09,false,161.41071428571428
bio10,false,267.73214285714283
bio11,false,126.91071428571429
bio13,false,187.67857142857142
bio15,false,37.05357142857143
bio16,false,521.3928571428571
bio18,false,514.125
