Predictor variable,Categorical,Sample average
alt,false,29.446428571428573
bio01,false,200.75
bio03,false,45.214285714285715
bio04,false,5525.625
bio05,false,327.14285714285717
bio06,false,55.07142857142857
bio07,false,272.07142857142856
bio08,false,266.69642857142856
bio09,false,162.76785714285714
bio10,false,267.32142857142856
bio11,false,126.46428571428571
bio13,false,184.625
bio15,false,36.464285714285715
bio16,false,512.9285714285714
bio18,false,506.92857142857144
