Predictor variable,Categorical,Sample average
alt,false,26.017857142857142
bio01,false,202.03571428571428
bio03,false,45.410714285714285
bio04,false,5462.696428571428
bio05,false,327.375
bio06,false,57.17857142857143
bio07,false,270.19642857142856
bio08,false,267.14285714285717
bio09,false,162.32142857142858
bio10,false,267.7857142857143
bio11,false,128.51785714285714
bio13,false,187.08928571428572
bio15,false,37.910714285714285
bio16,false,520.6964285714286
bio18,false,512.3214285714286
