Predictor variable,Categorical,Sample average
alt,false,28.767857142857142
bio01,false,198.53571428571428
bio03,false,44.392857142857146
bio04,false,5660.767857142857
bio05,false,326.6607142857143
bio06,false,51.625
bio07,false,275.0357142857143
bio08,false,266.125
bio09,false,159.91071428571428
bio10,false,267.0
bio11,false,122.60714285714286
bio13,false,184.67857142857142
bio15,false,35.19642857142857
bio16,false,511.4642857142857
bio18,false,503.9642857142857
