Predictor variable,Categorical,Sample average
alt,false,27.821428571428573
bio01,false,199.625
bio03,false,44.785714285714285
bio04,false,5617.535714285715
bio05,false,326.94642857142856
bio06,false,52.875
bio07,false,274.07142857142856
bio08,false,266.57142857142856
bio09,false,160.98214285714286
bio10,false,267.44642857142856
bio11,false,124.21428571428571
bio13,false,187.07142857142858
bio15,false,36.214285714285715
bio16,false,519.5357142857143
bio18,false,511.07142857142856
