Predictor variable,Categorical,Sample average
alt,false,29.392857142857142
bio01,false,199.25
bio03,false,44.69642857142857
bio04,false,5648.625
bio05,false,327.23214285714283
bio06,false,51.92857142857143
bio07,false,275.30357142857144
bio08,false,266.7857142857143
bio09,false,161.30357142857142
bio10,false,267.5
bio11,false,123.44642857142857
bio13,false,184.91071428571428
bio15,false,34.660714285714285
bio16,false,512.75
bio18,false,506.35714285714283
