Predictor variable,Categorical,Sample average
alt,false,28.821428571428573
bio01,false,200.71428571428572
bio03,false,45.142857142857146
bio04,false,5528.107142857143
bio05,false,326.7857142857143
bio06,false,55.25
bio07,false,271.5357142857143
bio08,false,266.5357142857143
bio09,false,161.55357142857142
bio10,false,267.30357142857144
bio11,false,126.39285714285714
bio13,false,186.5
bio15,false,36.642857142857146
bio16,false,516.6607142857143
bio18,false,509.07142857142856
