Predictor variable,Categorical,Sample average
alt,false,31.053571428571427
bio01,false,201.07142857142858
bio03,false,45.30357142857143
bio04,false,5507.910714285715
bio05,false,326.92857142857144
bio06,false,55.80357142857143
bio07,false,271.125
bio08,false,266.80357142857144
bio09,false,162.625
bio10,false,267.4107142857143
bio11,false,127.05357142857143
bio13,false,186.25
bio15,false,36.69642857142857
bio16,false,516.6964285714286
bio18,false,509.67857142857144
