Predictor variable,Categorical,Sample average
alt,false,30.482142857142858
bio01,false,200.26785714285714
bio03,false,45.05357142857143
bio04,false,5567.696428571428
bio05,false,327.25
bio06,false,54.07142857142857
bio07,false,273.17857142857144
bio08,false,266.73214285714283
bio09,false,161.30357142857142
bio10,false,267.39285714285717
bio11,false,125.46428571428571
bio13,false,185.26785714285714
bio15,false,35.5
bio16,false,512.4464285714286
bio18,false,505.57142857142856
