Predictor variable,Categorical,Sample average
alt,false,31.446428571428573
bio01,false,200.14285714285714
bio03,false,45.05357142857143
bio04,false,5574.25
bio05,false,326.92857142857144
bio06,false,54.0
bio07,false,272.92857142857144
bio08,false,266.69642857142856
bio09,false,162.07142857142858
bio10,false,267.375
bio11,false,125.30357142857143
bio13,false,185.96428571428572
bio15,false,35.464285714285715
bio16,false,515.4464285714286
bio18,false,507.875
