Predictor variable,Categorical,Sample average
alt,false,30.714285714285715
bio01,false,199.625
bio03,false,44.875
bio04,false,5624.375
bio05,false,327.2857142857143
bio06,false,52.625
bio07,false,274.6607142857143
bio08,false,266.73214285714283
bio09,false,161.0
bio10,false,267.5357142857143
bio11,false,124.10714285714286
bio13,false,187.67857142857142
bio15,false,35.17857142857143
bio16,false,518.875
bio18,false,511.3392857142857
