Predictor variable,Categorical,Sample average
alt,false,30.339285714285715
bio01,false,200.76785714285714
bio03,false,45.07142857142857
bio04,false,5569.678571428572
bio05,false,327.55357142857144
bio06,false,54.42857142857143
bio07,false,273.125
bio08,false,267.10714285714283
bio09,false,162.53571428571428
bio10,false,267.9107142857143
bio11,false,126.01785714285714
bio13,false,187.28571428571428
bio15,false,35.464285714285715
bio16,false,519.9642857142857
bio18,false,512.6428571428571
